text,category,language
"The street light outside my house in sector 4 has been broken for 2 months.",Electricity,English
"Pani nahi aa raha hai pichle 3 din se, please help.",Water Supply,Hinglish
"Garbage is overflowing near the main market area, causing a terrible smell.",Sanitation & Garbage,English
"Hospital me doctors available nahi rehte raat me, bahut problem hoti hai.",Healthcare & Hospitals,Hinglish
"Road is completely broken after the rains. Potholes everywhere.",Roads & Transport,English
"Bijli ka bill bahut zyada aaya hai is mahine, check kijiye.",Electricity,Hinglish
"No water supply in our locality since yesterday morning.",Water Supply,English
"Kachra gaadi 4 din se nahi aayi hai hamare area me.",Sanitation & Garbage,Hinglish
"There are no medicines available at the local government dispensary.",Healthcare & Hospitals,English
"Trafic light at the main junction is not working, causing massive jams.",Roads & Transport,English
"Transformer jal gaya hai kal raat se, current nahi hai.",Electricity,Hinglish
"The drinking water coming from the tap is yellow and smells foul.",Water Supply,English
"Naali jaam ho gayi hai aur paani raste par beh raha hai.",Sanitation & Garbage,Hinglish
"Doctors are asking for bribe for a free checkup.",Healthcare & Hospitals,English
"Toll plaza par fastag theek se scan nahi ho raha hai.",Roads & Transport,Hinglish
"Frequent power cuts in our area for the last one week.",Electricity,English
"Paani ka pressure bilkul nahi hai tap me.",Water Supply,Hinglish
"Public toilets are not being cleaned regularly.",Sanitation & Garbage,English
"Ambulance took 2 hours to reach after calling 108.",Healthcare & Hospitals,English
"Gaddhe bharne ka kaam aadha chhod diya gaya hai.",Roads & Transport,Hinglish
"Meter is running fast, even when all appliances are off.",Electricity,English
"Pipeline leak kar rahi hai aur paani waste ho raha hai.",Water Supply,Hinglish
"Dead animal lying on the street for two days, please remove it.",Sanitation & Garbage,English
"Ward boy is misbehaving with the patients.",Healthcare & Hospitals,English
"Road construction material blocking the footpath.",Roads & Transport,English
"Voltage fluctuation is damaging our home appliances.",Electricity,English
"Subah se municipal paani nahi aaya.",Water Supply,Hinglish
"Swachh Bharat dustbins are completely broken.",Sanitation & Garbage,English
"Government hospital beds have dirty bedsheets.",Healthcare & Hospitals,English
"Highway par accident ke baad road clear nahi hui hai.",Roads & Transport,Hinglish
